"Track URI","Track Name","Artist URI(s)","Artist Name(s)","Album URI","Album Name","Album Artist URI(s)","Album Artist Name(s)","Album Release Date","Album Image URL","Disc Number","Track Number","Track Duration (ms)","Track Preview URL","Explicit","Popularity","ISRC","Added By","Added At"
"spotify:track:2pr6us08iPNzIex5q6fMvI","Together We Will Live Forever","spotify:artist:01xiB0IlXMXy3wrrotgDnU","Clint Mansell","spotify:album:7q18n1Pnq7mx6satptDoJ3","The Fountain OST","spotify:artist:01xiB0IlXMXy3wrrotgDnU, spotify:artist:0M6xcJTswOl2qvExCJhiS3","Clint Mansell, Kronos Quartet","2006-11-10","https://i.scdn.co/image/ab67616d0000b273fb6e4451f9d60cace76b0b0d","1","10","301733","https://p.scdn.co/mp3-preview/ac24d40e4c3231c00075b0f59d7658f95335ef0d?cid=9950ac751e34487dbbe027c4fd7f8e99","false","52","USNO10600918","spotify:user:31eggmwgwd6b5f4672kiiveoehya","2023-01-22T23:09:29Z"
"spotify:track:01U308WcuEpbecX0I6unLo","四月","spotify:artist:3WYqCjjMsHCTGtDp28lrOg","nogfgoodnight","spotify:album:0emJoy0W9vSHX4apwjN0kA","四月の思い出","spotify:artist:3WYqCjjMsHCTGtDp28lrOg","nogfgoodnight","2019-08-08","https://i.scdn.co/image/ab67616d0000b273fc52105b442f46fad90e7266","1","1","100977","https://p.scdn.co/mp3-preview/7d05c61c460efe09335d76ae35426a96814ab5c0?cid=9950ac751e34487dbbe027c4fd7f8e99","false","41","GBSMU6748159","spotify:user:31eggmwgwd6b5f4672kiiveoehya","2023-06-22T21:02:35Z"
"spotify:track:02Mxkf8nzMQd9DiBLhfhA1","apple dumplins","spotify:artist:3IYkO05jx2ouEKrI90Fml0","Slacker Jack's","spotify:album:4o2DvfLdEfzl0tmnoZhflh","apple dumplins","spotify:artist:3IYkO05jx2ouEKrI90Fml0","Slacker Jack's","2023-01-13","https://i.scdn.co/image/ab67616d0000b27393e9af935fbec8101462892c","1","1","153000","https://p.scdn.co/mp3-preview/b23d319c39bf80ccdf0f1a27a5b206f3f5fefbf9?cid=9950ac751e34487dbbe027c4fd7f8e99","false","20","SEXGF2395016","spotify:user:31eggmwgwd6b5f4672kiiveoehya","2023-07-11T20:46:21Z"
"spotify:track:1YLMa2XAk3dKy0vYEVtUWM","Arabesque","spotify:artist:4k0moLthcxudxdBCI3SUb8, spotify:artist:3E6IjOeXDYo2swzAUYZ5ln","yuma yamaguchi, av4ln","spotify:album:21PcXK6X2irUZ1KSNwk3jy","时光代理人 (动画《时光代理人》原声带)","spotify:artist:0LyfQWJT6nXafLPZqxe9Of","Various Artists","2021-08-20","https://i.scdn.co/image/ab67616d0000b27315937ae61c194bfa008fd86b","1","18","129030","https://p.scdn.co/mp3-preview/eeed96a57702b90f3277f27304998897b705a5fb?cid=9950ac751e34487dbbe027c4fd7f8e99","false","0","FRX282279614","spotify:user:31eggmwgwd6b5f4672kiiveoehya","2023-07-26T21:33:44Z"
"spotify:track:1x3Ts6HgEex5fJWBMlsNP8","Hit the Floor (lofi)","spotify:artist:37gab2kHkQ8LnCRXYRPHxe","Less Gravity","spotify:album:7ynsGRpOHUK3HuVgM3GVYp","Meteora (lofi)","spotify:artist:37gab2kHkQ8LnCRXYRPHxe","Less Gravity","2023-04-07","https://i.scdn.co/image/ab67616d0000b273a116a1ad26ae27e0f13a9535","1","5","71475","https://p.scdn.co/mp3-preview/1cc7d7e813cb179a76458d5f364d328842e3623e?cid=9950ac751e34487dbbe027c4fd7f8e99","false","23","FIPHW2300025","spotify:user:31eggmwgwd6b5f4672kiiveoehya","2023-12-03T15:01:39Z"
"spotify:track:17i5jLpzndlQhbS4SrTd0B","Cello Suite No. 1 in G Major, BWV 1007: I. Prélude","spotify:artist:5aIqB5nVVvmFsvSdExz408, spotify:artist:5Dl3HXZjG6ZOWT5cV375lk","Johann Sebastian Bach, Yo-Yo Ma","spotify:album:3cvjMNWg7t46NyDZzujfNg","Bach: Cello Suites Nos. 1, 5 & 6","spotify:artist:5aIqB5nVVvmFsvSdExz408, spotify:artist:5Dl3HXZjG6ZOWT5cV375lk","Johann Sebastian Bach, Yo-Yo Ma","1983","https://i.scdn.co/image/ab67616d0000b273cbb64bd416bb225456100bbc","1","1","152280","https://p.scdn.co/mp3-preview/65b86dfaca856d5ce07276c008c63d807637e8c0?cid=9950ac751e34487dbbe027c4fd7f8e99","false","71","USSM18200515","spotify:user:31eggmwgwd6b5f4672kiiveoehya","2024-01-11T20:37:55Z"
"spotify:track:2L2l5LSeaZ4xZPQlqAKsdY","Alone / Together","spotify:artist:39VNwvlQTqE9SvgPjjnMpc","NOTHING MORE","spotify:album:0A3y56apHg0MRM83MLBwhM","The Stories We Tell Ourselves","spotify:artist:39VNwvlQTqE9SvgPjjnMpc","NOTHING MORE","2017-09-15","https://i.scdn.co/image/ab67616d0000b273353504127a55a603352a32ed","1","11","90946","https://p.scdn.co/mp3-preview/a8392c1b87d2014d715731451ab5e2caa4f2f154?cid=9950ac751e34487dbbe027c4fd7f8e99","false","29","USDPK1700111","spotify:user:31eggmwgwd6b5f4672kiiveoehya","2024-01-31T15:32:42Z"
"spotify:track:1BncfTJAWxrsxyT9culBrj","Experience","spotify:artist:2uFUBdaVGtyMqckSeCl0Qj, spotify:artist:59r5UU2HOytn9V5uMZ5Vur, spotify:artist:1k1AM2ESRQseVAj6rvBdtx","Ludovico Einaudi, Daniel Hope, I Virtuosi Italiani","spotify:album:3uJ6D2WOPdjwJ0SrsH9EiG","In A Time Lapse","spotify:artist:2uFUBdaVGtyMqckSeCl0Qj","Ludovico Einaudi","2013-01-01","https://i.scdn.co/image/ab67616d0000b2736c8ef0538e04f2e28380dcc5","1","12","315426","","false","81","ITB281200070","spotify:user:31eggmwgwd6b5f4672kiiveoehya","2024-02-03T10:03:04Z"
"spotify:track:3weNRklVDqb4Rr5MhKBR3D","Nuvole Bianche","spotify:artist:2uFUBdaVGtyMqckSeCl0Qj","Ludovico Einaudi","spotify:album:0Ryad9M1b1MxSjgXdHCh1c","Una Mattina","spotify:artist:2uFUBdaVGtyMqckSeCl0Qj","Ludovico Einaudi","2004-01-01","https://i.scdn.co/image/ab67616d0000b2734ea8c5801bfdf5ac90719400","1","12","357706","","false","75","ITB280400109","spotify:user:31eggmwgwd6b5f4672kiiveoehya","2024-02-03T10:09:23Z"
"spotify:track:3c0VZEpuHQFWUNyedFR8T2","The Beginning Of All Things That Will End","spotify:artist:57ylwQTnFnIhJh4nu4rxCs","In Flames","spotify:album:6TaVKA8OkhhGvrbxCtZPpy","Foregone (Bonus Edition)","spotify:artist:57ylwQTnFnIhJh4nu4rxCs","In Flames","2024-02-09","https://i.scdn.co/image/ab67616d0000b273b42da327fef7175303311a11","1","1","133414","https://p.scdn.co/mp3-preview/905511cd9a3edd36ff4fa62e3c2e78dbc130f6ac?cid=9950ac751e34487dbbe027c4fd7f8e99","false","32","DED832200379","spotify:user:31eggmwgwd6b5f4672kiiveoehya","2024-02-09T21:47:23Z"
"spotify:track:0PBKGEFeElOX88OSYd7VpZ","The Arctic Suite: V. Sea Ice Melting (Violin-Piano Version)","spotify:artist:0ZjUUrNDmi4N4Ey5UTMebc, spotify:artist:4M2W6hcJWi6Nrd3XelpO3F, spotify:artist:1dk8ZJIE1IET4n4LrxzD6I","Jacob Shea, Eldbjørg Hemsing, Håvard Gimse","spotify:album:0Hm7Kz7QuBBYvNsr8j7elP","Shea: The Arctic Suite, V. Sea Ice Melting (Violin-Piano Version)","spotify:artist:0ZjUUrNDmi4N4Ey5UTMebc, spotify:artist:4M2W6hcJWi6Nrd3XelpO3F, spotify:artist:1dk8ZJIE1IET4n4LrxzD6I","Jacob Shea, Eldbjørg Hemsing, Håvard Gimse","2024-02-23","https://i.scdn.co/image/ab67616d0000b273a83dada2f46b4a37f92cbf14","1","1","209480","https://p.scdn.co/mp3-preview/90ab181cb97819aff0877f952078c3250e970559?cid=9950ac751e34487dbbe027c4fd7f8e99","false","14","DEE862301603","spotify:user:31eggmwgwd6b5f4672kiiveoehya","2024-02-26T14:51:06Z"
"spotify:track:6CbK9xi97zQ2dibY0lL4CD","Reflejo","spotify:artist:0liG9qD19eWrt5Ur4cnsYd","Murcof","spotify:album:6k3U34OSnIYIBBeykylXU4","Remembranza","spotify:artist:0liG9qD19eWrt5Ur4cnsYd","Murcof","2005-10-03","https://i.scdn.co/image/ab67616d0000b2735dab10b86232c3a413c05de9","1","6","546986","https://p.scdn.co/mp3-preview/9043265d35ea9a4806485d6b42481baaea81a3d6?cid=9950ac751e34487dbbe027c4fd7f8e99","false","0","GBCKB0500706","spotify:user:31eggmwgwd6b5f4672kiiveoehya","2024-02-28T18:35:14Z"
"spotify:track:5YKShpBMDkxdjjg6tIC5aW","Таловина","spotify:artist:6Pwk70xMMrurzOhc7dYgO2","saymory","spotify:album:16Eo65T48d2QG27qZWf8Qe","Таловина","spotify:artist:6Pwk70xMMrurzOhc7dYgO2","saymory","2024-03-01","https://i.scdn.co/image/ab67616d0000b273084d6f98d0f1f3074b088df8","1","1","335474","https://p.scdn.co/mp3-preview/ce83f63a06822bfdba9925071c88b0089b6cbbdd?cid=9950ac751e34487dbbe027c4fd7f8e99","false","1","QZ5AB2405384","spotify:user:31eggmwgwd6b5f4672kiiveoehya","2024-03-01T16:36:26Z"
"spotify:track:3uErbNGaNIPJkRlMrLxR9Z","Nothing Else Matters","spotify:artist:4Lm0pUvmisUHMdoky5ch2I","Apocalyptica","spotify:album:6leqa6QQESn76w64IdN9yQ","Inquisition Symphony","spotify:artist:4Lm0pUvmisUHMdoky5ch2I","Apocalyptica","1998-01-01","https://i.scdn.co/image/ab67616d0000b273aafd1a955eda9a0f8bbf50a1","1","4","285533","","false","60","FIPFP9800037","spotify:user:31eggmwgwd6b5f4672kiiveoehya","2024-05-21T15:15:34Z"
"spotify:track:3TdROUy5JZz1OcBKMZjeux","Idea 9","spotify:artist:5nWYvcpaqKtp08cYxjOfFr","Gibran Alcocer","spotify:album:2BpRxtAl6IrHI2OQtd60PK","Idea 9","spotify:artist:5nWYvcpaqKtp08cYxjOfFr","Gibran Alcocer","2023-05-26","https://i.scdn.co/image/ab67616d0000b2734e8fc9f903790a9ed0c60b4f","1","1","137547","https://p.scdn.co/mp3-preview/d1409e22384bc33ab91598b5056d6467b31a6652?cid=9950ac751e34487dbbe027c4fd7f8e99","false","67","QM3DF2206675","spotify:user:31eggmwgwd6b5f4672kiiveoehya","2024-06-05T20:25:33Z"
"spotify:track:56oReVXIfUO9xkX7pHmEU0","On the Nature of Daylight","spotify:artist:2VZNmg4vCnew4Pavo8zDdW, spotify:artist:557AjoqV9wVpa8vO2k4wuJ, spotify:artist:4d6eKLLJbe2ZeiL07Du7vB, spotify:artist:6s8AUvcmf2fp0Kh7PctPnd, spotify:artist:6qzi6mPoJU4cBlO76U1Il1, spotify:artist:33TpuAICGC2gekoZZDDZhE","Max Richter, Louisa Fuller, Natalia Bonner, John Metcalfe, Philip Sheppard, Chris Worsey","spotify:album:1rTHmwhZwhhvivx3pdXXdo","The Blue Notebooks (15 Years)","spotify:artist:2VZNmg4vCnew4Pavo8zDdW","Max Richter","2018-05-11","https://i.scdn.co/image/ab67616d0000b273e2821b1458ab996fdf2c47ad","1","2","371746","","false","74","GBDCA0300279","spotify:user:31eggmwgwd6b5f4672kiiveoehya","2024-06-12T15:17:50Z"
"spotify:track:7MJ8g0egEkhvGu44IamrDE","Idea 15","spotify:artist:5nWYvcpaqKtp08cYxjOfFr","Gibran Alcocer","spotify:album:3wUrxJDVqMv50SEfvTsHHA","Idea 15","spotify:artist:5nWYvcpaqKtp08cYxjOfFr","Gibran Alcocer","2023-08-18","https://i.scdn.co/image/ab67616d0000b27340657df4ac026379cb47588e","1","1","114000","https://p.scdn.co/mp3-preview/fb937a2aa124c4f4b3b957d9ae50e35be2337ff8?cid=9950ac751e34487dbbe027c4fd7f8e99","false","72","QM3DF2264905","spotify:user:31eggmwgwd6b5f4672kiiveoehya","2024-06-15T02:51:46Z"
"spotify:track:0yfMign5fsLtw5I4pK73ge","Solas","spotify:artist:5nWYvcpaqKtp08cYxjOfFr","Gibran Alcocer","spotify:album:2XZXXXuThQ8JwPjoTcGIkF","Solas","spotify:artist:5nWYvcpaqKtp08cYxjOfFr","Gibran Alcocer","2022-11-11","https://i.scdn.co/image/ab67616d0000b273c168adf1372ddc8dd33cd048","1","1","146000","https://p.scdn.co/mp3-preview/111db025e81347795f8a36e06d74ab4c20fa22ba?cid=9950ac751e34487dbbe027c4fd7f8e99","false","66","USANG2226796","spotify:user:31eggmwgwd6b5f4672kiiveoehya","2024-06-15T02:57:46Z"
"spotify:track:1tUCrhryPbdxR8ZoNIVdJb","Небо","spotify:artist:03OrIcWvpeG9Rk5vJqHO0s","Our Atlantic","spotify:album:2ylmeIgbN3H3Yf9B4h9C3t","На глибині","spotify:artist:03OrIcWvpeG9Rk5vJqHO0s","Our Atlantic","2024-02-23","https://i.scdn.co/image/ab67616d0000b273fa848db3546129c0172c7f11","1","5","107296","https://p.scdn.co/mp3-preview/5d1e5e7ab70ae6d8ac02435f96ccf9c459224aa2?cid=9950ac751e34487dbbe027c4fd7f8e99","false","7","FR2X42382848","spotify:user:31eggmwgwd6b5f4672kiiveoehya","2024-09-16T00:31:23Z"
"spotify:track:2R3lUpsqyGa6pwn6b4AC8q","arsonists - solo piano","spotify:artist:0LyP0Zn0mXLb65AgGOS6EY","Ethan Bortnick","spotify:album:7L5DXzvtNX1VMC34uGIPFk","SOLO I","spotify:artist:0LyP0Zn0mXLb65AgGOS6EY","Ethan Bortnick","2024-07-12","https://i.scdn.co/image/ab67616d0000b273089e86ed6f13587d2510b07d","1","3","150163","https://p.scdn.co/mp3-preview/d96ac9d6989a1e35d51ae7cfc6f55188030a5ec2?cid=9950ac751e34487dbbe027c4fd7f8e99","false","18","USSM12405017","spotify:user:31eggmwgwd6b5f4672kiiveoehya","2024-10-20T16:29:07Z"
"spotify:track:3xtZEGTqd4vlcVZn9XP7uI","Pathos","spotify:artist:2uFUBdaVGtyMqckSeCl0Qj","Ludovico Einaudi","spotify:album:4DmcATr0IItDrDAbccsrvZ","Pathos","spotify:artist:2uFUBdaVGtyMqckSeCl0Qj","Ludovico Einaudi","2024-10-25","https://i.scdn.co/image/ab67616d0000b273e6737305db7ceec50242ee1f","1","1","426520","","false","52","ITB282400072","spotify:user:31eggmwgwd6b5f4672kiiveoehya","2024-10-26T15:49:44Z"
"spotify:track:0b9DxTjOtObEbgjhcN205x","東京上空","spotify:artist:1EowJ1WwkMzkCkRomFhui7","RADWIMPS","spotify:album:1zw13BheGzuWgbm5CY4dJp","すずめの戸締まり","spotify:artist:1EowJ1WwkMzkCkRomFhui7, spotify:artist:5LnJiGWNnbWuFV46ItlLDs","RADWIMPS, 陣内一真","2022-11-11","https://i.scdn.co/image/ab67616d0000b273bfc76fbf58c8ef0d2267aeed","1","16","254933","https://p.scdn.co/mp3-preview/bac4454cfac9f3198fbf95b3cd8164c90dc9cea7?cid=9950ac751e34487dbbe027c4fd7f8e99","false","37","JPV972200091","spotify:user:31eggmwgwd6b5f4672kiiveoehya","2024-10-29T02:28:08Z"
"spotify:track:1ATLkckuO7t1xb6KY4s72I","Dramamine","spotify:artist:4MrQDA45Gd0llLrwFUzimG","Flawed Mangoes","spotify:album:2LoYIvgDTk5xjvCvQ2mNbA","The Unwavering Hand","spotify:artist:4MrQDA45Gd0llLrwFUzimG","Flawed Mangoes","2024-09-25","https://i.scdn.co/image/ab67616d0000b273fcdfc2e519ba0806d1b6e39b","1","5","205714","https://p.scdn.co/mp3-preview/6a487cca1d4c8dfe84fe6d835e99e859b4a0fe80?cid=9950ac751e34487dbbe027c4fd7f8e99","false","0","QM24S2401697","spotify:user:31eggmwgwd6b5f4672kiiveoehya","2025-02-21T19:44:06Z"
"spotify:track:087xVQQIhuhaftoQxgxzV0","Dreams Are Only Real As Long As They Last","spotify:artist:0wdc6cxY8GzxkrMHGXSuOn","Aesthesys","spotify:album:6Kxihu0qnuQxX8QCsxHZkN","I","spotify:artist:0wdc6cxY8GzxkrMHGXSuOn","Aesthesys","2008-12-01","https://i.scdn.co/image/ab67616d0000b27307fa7b7992ba69e9b4bca647","1","7","276558","https://p.scdn.co/mp3-preview/8396c3719b0fc74524eb15b5e9bf2d7ba984cc40?cid=9950ac751e34487dbbe027c4fd7f8e99","false","0","RUA1H1774923","spotify:user:31eggmwgwd6b5f4672kiiveoehya","2025-04-19T01:25:45Z"
"spotify:track:5Nhx7paxxJUcH7GAI3JZ01","Nothing","spotify:artist:0ByEY1LcMeQD7RbTmtBBOz","Amalunga","spotify:album:26gb92zYZ9tzlP7OplM8Zd","Incipience","spotify:artist:0ByEY1LcMeQD7RbTmtBBOz","Amalunga","2019-05-27","https://i.scdn.co/image/ab67616d0000b273b6916da1a7e459482823ea98","1","2","295888","https://p.scdn.co/mp3-preview/55531b7f42fb79d140807fefbc186abd899c99ad?cid=9950ac751e34487dbbe027c4fd7f8e99","false","29","AEA0D1980380","spotify:user:31eggmwgwd6b5f4672kiiveoehya","2025-04-23T17:41:46Z"
"spotify:track:7xaeASLAVbcpjM4qv5VPnu","Your Time","spotify:artist:4BbsNakiCcHSMoCWuLdclD","Dead Sky Dawning","spotify:album:2C1X0I1577vTdjV2I9NceE","Your Time","spotify:artist:4BbsNakiCcHSMoCWuLdclD","Dead Sky Dawning","2018-12-13","https://i.scdn.co/image/ab67616d0000b273c8c2d730321d0c3239a75910","1","1","292766","https://p.scdn.co/mp3-preview/1272cfeab1d6396c2b423944366b1dab76439059?cid=9950ac751e34487dbbe027c4fd7f8e99","false","0","US7VG1862776","spotify:user:31eggmwgwd6b5f4672kiiveoehya","2025-05-30T09:33:05Z"
"spotify:track:6Mu0IXDq4tsPVtNK2uUboJ","Lost You - Instrumental","spotify:artist:7uCjD9El3RQM1Y8xA94O8f","Lireau","spotify:album:1L1EV7WrMLowavdSmOGFhr","Lost You","spotify:artist:7uCjD9El3RQM1Y8xA94O8f","Lireau","2025-05-09","https://i.scdn.co/image/ab67616d0000b273b2436033b920140a09ca0107","1","2","115075","https://p.scdn.co/mp3-preview/64c6811c895169ad71b94beacb235aaf0d5a912c?cid=9950ac751e34487dbbe027c4fd7f8e99","false","13","QZNWU2517931","spotify:user:31eggmwgwd6b5f4672kiiveoehya","2025-05-30T09:37:53Z"
"spotify:track:65EGyXq1ZSEQ47vOWdIkMC","ICARUS - Orchestral Version","spotify:artist:6Y1uosuiV7bpiOuCUgibsN, spotify:artist:7dnUOUzgamqskX6F9yV7B1","Tony Ann, ARKAI","spotify:album:7hvINzZ3iT0iBtqCwhpOyg","ICARUS (Orchestral Version)","spotify:artist:6Y1uosuiV7bpiOuCUgibsN","Tony Ann","2024-06-07","https://i.scdn.co/image/ab67616d0000b2730aba3489ee4576d3fd5e33ed","1","1","170306","","false","54","QZWNP2400036","spotify:user:31eggmwgwd6b5f4672kiiveoehya","2025-09-22T01:43:36Z"
"spotify:track:2Ebny6CAm0KH0YvWvLQBNz","ICARUS (Version for Piano 4 Hands)","spotify:artist:6Y1uosuiV7bpiOuCUgibsN, spotify:artist:1YZhNFBxkEB5UKTgMDvot4","Tony Ann, Lang Lang","spotify:album:70wHjMEcYKBwNTufddc69I","Ann: ICARUS (Version for Piano 4 Hands)","spotify:artist:6Y1uosuiV7bpiOuCUgibsN, spotify:artist:1YZhNFBxkEB5UKTgMDvot4","Tony Ann, Lang Lang","2025-10-03","https://i.scdn.co/image/ab67616d0000b2730400899798fe2246ef27f185","1","1","198906","","false","45","DEN962501400","spotify:user:31eggmwgwd6b5f4672kiiveoehya","2025-10-04T22:08:53Z"
"spotify:track:5J9aFJ43UBPgqoy1snCphD","Intimacies","spotify:artist:4KiO59dzeB8dACXmrrwkKe","Andrea Vanzo","spotify:album:06VnaBdlG8XhUTxWwjJ0bh","Intimacy Vol. 2","spotify:artist:4KiO59dzeB8dACXmrrwkKe","Andrea Vanzo","2025-10-10","https://i.scdn.co/image/ab67616d0000b273b61569d50b5abddd4acf5579","1","1","158869","https://p.scdn.co/mp3-preview/657f531754e3ab791ef12608a3c45fd8f6e51380?cid=9950ac751e34487dbbe027c4fd7f8e99","false","39","FRIDO2513223","spotify:user:31eggmwgwd6b5f4672kiiveoehya","2025-10-12T13:22:40Z"
"spotify:track:3vJa3vl9FzX1gynrW2APo5","Lunar Ice Flows (Prelude)","spotify:artist:7GMpkbegUlL4UvUe5w47zu","James Heather","spotify:album:3TSa6WxtocLiLAetifAz8v","Modulations: EP1","spotify:artist:7GMpkbegUlL4UvUe5w47zu","James Heather","2017-06-09","https://i.scdn.co/image/ab67616d0000b27332a63bde6617b2f1222b5611","1","1","122767","https://p.scdn.co/mp3-preview/48162ee45c52ff7385079232a48e690200ff0959?cid=9950ac751e34487dbbe027c4fd7f8e99","false","52","GBCFB1700156","spotify:user:31eggmwgwd6b5f4672kiiveoehya","2025-10-19T00:15:57Z"
"spotify:track:7ohtQ8Ws4kJhqo5VJNy13M","See You Tomorrow","spotify:artist:69RwhKw37lY73bMGaSts7C","Evgeny Grinko","spotify:album:4nypxMOIfUsdtUKYjhKlVL","Orange Marmalade","spotify:artist:69RwhKw37lY73bMGaSts7C","Evgeny Grinko","2021-10-29","https://i.scdn.co/image/ab67616d0000b273f21ea58ec8a0bec7cb792ede","1","5","91303","https://p.scdn.co/mp3-preview/897c9b42b39c0774ce66fc4928c52a2a2cb85742?cid=9950ac751e34487dbbe027c4fd7f8e99","false","60","FRX452100454","spotify:user:31eggmwgwd6b5f4672kiiveoehya","2025-10-19T00:40:14Z"
"spotify:track:5mNxeXWzSicgZ1nCtF1B02","Fire","spotify:artist:0jrFMgW018F1XVnLtCXOKi","Fabrizio Paterlini","spotify:album:7dopFnnInju2yjJe127paH","Transitions","spotify:artist:0jrFMgW018F1XVnLtCXOKi","Fabrizio Paterlini","2019-11-22","https://i.scdn.co/image/ab67616d0000b2733ba4393a3b7075b7357ee48f","1","6","82261","https://p.scdn.co/mp3-preview/6c5f720963553f331b43498bef8bb5682825bd09?cid=9950ac751e34487dbbe027c4fd7f8e99","false","56","ITLSK1900113","spotify:user:31eggmwgwd6b5f4672kiiveoehya","2025-11-28T04:09:02Z"
"spotify:track:48GtE9nno474ZYd9qhJqXx","My Misty Mornings","spotify:artist:0jrFMgW018F1XVnLtCXOKi","Fabrizio Paterlini","spotify:album:0CUfnbS2R6V71QB2iC3Avp","Winter Stories","spotify:artist:0jrFMgW018F1XVnLtCXOKi","Fabrizio Paterlini","2018-02-23","https://i.scdn.co/image/ab67616d0000b2736b8afc5fc5835c4595bb43f3","1","2","202736","https://p.scdn.co/mp3-preview/7fae3b58061b7b4de286227626981aab446ea2f9?cid=9950ac751e34487dbbe027c4fd7f8e99","false","54","ITLSK1800052","spotify:user:31eggmwgwd6b5f4672kiiveoehya","2025-11-28T04:21:15Z"
"spotify:track:63DWVhrfYiQLhDNkciFjdH","Springtime Depression","spotify:artist:56sxMCmVq5a2AZlmz39YOW","Forgotten Tomb","spotify:album:3YhGkTmn6VqAWZsSwFyVKf","Springtime Depression","spotify:artist:56sxMCmVq5a2AZlmz39YOW","Forgotten Tomb","2003-10-04","https://i.scdn.co/image/ab67616d0000b273a6a8ae886bda643c283fff98","1","4","286120","https://p.scdn.co/mp3-preview/782d29c71078fe29912150580188c656dd88d2a2?cid=9950ac751e34487dbbe027c4fd7f8e99","false","32","QZRP42191690","spotify:user:31eggmwgwd6b5f4672kiiveoehya","2025-12-01T01:13:38Z"
"spotify:track:5fdp9rXfEixCGLM1Og4EN1","Gnossienne No. 1","spotify:artist:459INk8vcC0ebEef82WjIK, spotify:artist:5kgAnLGI2biBHvY7hDsF7P","Erik Satie, Alena Cherny","spotify:album:4ZWDD7tNRRMB2eO4B5LsJh","Gnossienne No. 1","spotify:artist:459INk8vcC0ebEef82WjIK, spotify:artist:5kgAnLGI2biBHvY7hDsF7P","Erik Satie, Alena Cherny","2013","https://i.scdn.co/image/ab67616d0000b273af15200ccc50a7a344288cab","1","1","296590","https://p.scdn.co/mp3-preview/ee1eafcaad3a155c02510821a720ff2608f6e9e9?cid=9950ac751e34487dbbe027c4fd7f8e99","false","63","CH0011300110","spotify:user:31eggmwgwd6b5f4672kiiveoehya","2026-01-09T20:26:34Z"
"spotify:track:40gRh2ZURv5tYBo8yB9Lu3","Piano Sonata No. 14 in C-Sharp Minor, Op. 27 No. 2 ""Moonlight"": I. Adagio sostenuto","spotify:artist:2wOqMjp9TyABvtHdOSOTUS, spotify:artist:4LYCuV8d6rylb6zjv2k03l","Ludwig van Beethoven, Paul Lewis","spotify:album:0agchkBY40W1AA7J7ZmDrx","Beethoven: Piano Sonatas, Vol. 3","spotify:artist:2wOqMjp9TyABvtHdOSOTUS, spotify:artist:4LYCuV8d6rylb6zjv2k03l","Ludwig van Beethoven, Paul Lewis","2007-09-25","https://i.scdn.co/image/ab67616d0000b273e8580303c8c1e369c643fcb7","3","9","315426","https://p.scdn.co/mp3-preview/94bf9fce558853b980e88a8760c68c0d5702a3f7?cid=9950ac751e34487dbbe027c4fd7f8e99","false","70","FRZ140632090","spotify:user:31eggmwgwd6b5f4672kiiveoehya","2026-01-22T01:42:26Z"
"spotify:track:04eShjKTWijeJJqGnhxpYK","Scheherazade: The Tale of the Kalendar Prince","spotify:artist:2kXJ68O899XvWOBdpzlXgs, spotify:artist:0k5uXmuyASwY2Cwi5TQki4","Nikolai Rimsky-Korsakov, Lars Hjalmar Joakim","spotify:album:3QXtNXmOyrOfZ2mWG4rw9v","Rimsky-Korsakov: Scheherezade","spotify:artist:2kXJ68O899XvWOBdpzlXgs, spotify:artist:6JigcebfXFm692mmnDVDFO","Nikolai Rimsky-Korsakov, Alexander Lazarev","1999-02-01","https://i.scdn.co/image/ab67616d0000b273734ead825eec82e0d13a7378","1","4","200360","https://p.scdn.co/mp3-preview/1f342f2479f0fe6ae2c084540d1b9e5a6ae76348?cid=9950ac751e34487dbbe027c4fd7f8e99","false","59","GBARU9900154","spotify:user:31eggmwgwd6b5f4672kiiveoehya","2026-01-22T01:47:06Z"
"spotify:track:3OPufUxLmVpFQlcklduEKu","In a Landscape","spotify:artist:1Z3fF5lZdCM0ZHugkGoH8s, spotify:artist:5HRK20Po7anMghspdRdZI1, spotify:artist:2POBumXfCFRxRMtvGhRpl7","John Cage, Thomas Kotcheff, Bryan Curt Kostors","spotify:album:0MYBpYK5VCCBwpwp865n4T","In a Landscape","spotify:artist:1Z3fF5lZdCM0ZHugkGoH8s, spotify:artist:5HRK20Po7anMghspdRdZI1, spotify:artist:2POBumXfCFRxRMtvGhRpl7","John Cage, Thomas Kotcheff, Bryan Curt Kostors","2026-01-16","https://i.scdn.co/image/ab67616d0000b2735f5ed740111f1c56cb15103c","1","1","610791","https://p.scdn.co/mp3-preview/be85b4300c38dbe6aa16f9e3d501b0e02d4b7cf1?cid=9950ac751e34487dbbe027c4fd7f8e99","false","2","USL4R2539078","spotify:user:31eggmwgwd6b5f4672kiiveoehya","2026-01-24T02:53:36Z"
"spotify:track:4AnucSybKpuwJVcxhia5OJ","[birdsong]","spotify:artist:4MrQDA45Gd0llLrwFUzimG","Flawed Mangoes","spotify:album:1fnrwCqjG1x60wT7ixaYSK","Afterlife","spotify:artist:4MrQDA45Gd0llLrwFUzimG","Flawed Mangoes","2026-03-06","https://i.scdn.co/image/ab67616d0000b2739341662b93e806aedf2cb14c","1","3","312002","https://p.scdn.co/mp3-preview/1d0fcb53b63fe861beb313478d537acf4a4a68d8?cid=9950ac751e34487dbbe027c4fd7f8e99","false","27","QZZ4J2600040","spotify:user:31eggmwgwd6b5f4672kiiveoehya","2026-03-09T16:27:55Z"
"spotify:track:78ithux17R2xzplbC3JTqn","Last Minute Change Of Heart","spotify:artist:7GMpkbegUlL4UvUe5w47zu","James Heather","spotify:album:2lsaczmzeH0JzES2smG9hU","Stories From Far Away On Piano","spotify:artist:7GMpkbegUlL4UvUe5w47zu","James Heather","2017-08-18","https://i.scdn.co/image/ab67616d0000b2739ef37c6bba11acc78b40c964","1","5","242946","https://p.scdn.co/mp3-preview/26a3ad96c9a86ec4893ffd943f9e1b592dc24950?cid=9950ac751e34487dbbe027c4fd7f8e99","false","45","GBCFB1700276","spotify:user:31eggmwgwd6b5f4672kiiveoehya","2026-03-18T15:10:44Z"
"spotify:track:4Uo0rrBWtQx7brH49gBui7","It's Foggy Today","spotify:artist:69RwhKw37lY73bMGaSts7C","Evgeny Grinko","spotify:album:4nypxMOIfUsdtUKYjhKlVL","Orange Marmalade","spotify:artist:69RwhKw37lY73bMGaSts7C","Evgeny Grinko","2021-10-29","https://i.scdn.co/image/ab67616d0000b273f21ea58ec8a0bec7cb792ede","1","2","185000","https://p.scdn.co/mp3-preview/0a0d2b456e23fa69f6943a33f483e0ffab3a568b?cid=9950ac751e34487dbbe027c4fd7f8e99","false","60","FRX452100451","spotify:user:31eggmwgwd6b5f4672kiiveoehya","2026-04-12T23:37:58Z"
"spotify:track:7oGd2sEDzBzpB7pC3Or85u","Looking Back","spotify:artist:2Waw2sSbqvAwK8NwACNjVo","Bo Burnham","spotify:album:2ZiKx3dsBYBGMypMTdPoKg","INSIDE (DELUXE)","spotify:artist:2Waw2sSbqvAwK8NwACNjVo","Bo Burnham","2022-06-03","https://i.scdn.co/image/ab67616d0000b2739362bdc8e0e686b11c435a19","4","3","53034","https://p.scdn.co/mp3-preview/8d842d0a7114d7c708dc8d22074956e04b44632f?cid=9950ac751e34487dbbe027c4fd7f8e99","false","28","USA2P2225060","spotify:user:31eggmwgwd6b5f4672kiiveoehya","2026-05-22T15:50:25Z"
"spotify:track:7yAiFd0bnz9msrCLeLtQgv","Fifteen Fathoms, Counting - 2026 Repented","spotify:artist:1Ffb6ejR6Fe5IamqA5oRUF","Bring Me The Horizon","spotify:album:1v47s2Z5kdloRlVkxHcTWO","Count Your Blessings | Repented","spotify:artist:1Ffb6ejR6Fe5IamqA5oRUF","Bring Me The Horizon","2026-07-10","https://i.scdn.co/image/ab67616d0000b273f71b9303698be44cdede2ac8","1","9","115334","https://p.scdn.co/mp3-preview/3d4a83161a0a160105e6e2aac3bb9acc61bcf402?cid=9950ac751e34487dbbe027c4fd7f8e99","false","59","GBARL2600451","spotify:user:31eggmwgwd6b5f4672kiiveoehya","2026-07-15T22:19:49Z"
